nombre,email,curp,ocupacion_especifica,Puesto,diploma
Marcos Abraham Silverio,marcos@gmail.com,ABCD123456EFGHIJ78,Autotransporte,Instructor,1
Marcos Abraham Silverio,marcos@gmail.com,ABCD123456EFGHIJ79,Autotransporte,Instructor,1
Marcos Abraham Silverio,marcos@gmail.com,ABCD123456EFGHIJ80,Autotransporte,Instructor,1
Marcos Abraham Silverio,marcos@gmail.com,ABCD123456EFGHIJ81,Autotransporte,Instructor,0
Marcos Abraham Silverio,marcos@gmail.com,ABCD123456EFGHIJ82,Autotransporte,Instructor,0
Marcos Abraham Silverio,marcos@gmail.com,ABCD123456EFGHIJ83,Autotransporte,Instructor,0
Marcos Abraham Silverio,marcos@gmail.com,ABCD123456EFGHIJ84,Autotransporte,Instructor,1
Marcos Abraham Silverio,marcos@gmail.com,ABCD123456EFGHIJ85,Autotransporte,Instructor,1
Marcos Abraham Silverio,marcos@gmail.com,ABCD123456EFGHIJ86,Autotransporte,Instructor,1
Marcos Abraham Silverio,marcos@gmail.com,ABCD123456EFGHIJ87,Autotransporte,Instructor,1
Marcos Abraham Silverio,marcos@gmail.com,ABCD123456EFGHIJ88,Autotransporte,Instructor,1
Marcos Abraham Silverio,marcos@gmail.com,ABCD123456EFGHIJ89,Autotransporte,Instructor,1
Marcos Abraham Silverio,marcos@gmail.com,ABCD123456EFGHIJ90,Autotransporte,Instructor,1
Marcos Abraham Silverio,marcos@gmail.com,ABCD123456EFGHIJ91,Autotransporte,Instructor,2
Marcos Abraham Silverio,marcos@gmail.com,ABCD123456EFGHIJ92,Autotransporte,Instructor,3
Marcos Abraham Silverio,marcos@gmail.com,ABCD123456EFGHIJ93,Autotransporte,Instructor,4
Marcos Abraham Silverio,marcos@gmail.com,ABCD123456EFGHIJ94,Autotransporte,Instructor,5
Marcos Abraham Silverio,marcos@gmail.com,ABCD123456EFGHIJ95,Autotransporte,Instructor,6
Marcos Abraham Silverio,marcos@gmail.com,ABCD123456EFGHIJ96,Autotransporte,Instructor,7
Marcos Abraham Silverio,marcos@gmail.com,ABCD123456EFGHIJ97,Autotransporte,Instructor,8
Marcos Abraham Silverio,marcos@gmail.com,ABCD123456EFGHIJ98,Autotransporte,Instructor,9
Marcos Abraham Silverio,marcos@gmail.com,ABCD123456EFGHIJ99,Autotransporte,Instructor,10
Marcos Abraham Silverio,marcos@gmail.com,ABCD123456EFGHIJ100,Autotransporte,Instructor,11
Marcos Abraham Silverio,marcos@gmail.com,ABCD123456EFGHIJ101,Autotransporte,Instructor,12
Marcos Abraham Silverio,marcos@gmail.com,ABCD123456EFGHIJ102,Autotransporte,Instructor,13
Marcos Abraham Silverio,marcos@gmail.com,ABCD123456EFGHIJ103,Autotransporte,Instructor,14
Marcos Abraham Silverio,marcos@gmail.com,ABCD123456EFGHIJ104,Autotransporte,Instructor,15
Marcos Abraham Silverio,marcos@gmail.com,ABCD123456EFGHIJ105,Autotransporte,Instructor,16
Marcos Abraham Silverio,marcos@gmail.com,ABCD123456EFGHIJ106,Autotransporte,Instructor,17
Marcos Abraham Silverio,marcos@gmail.com,ABCD123456EFGHIJ107,Autotransporte,Instructor,18
Marcos Abraham Silverio,marcos@gmail.com,ABCD123456EFGHIJ108,Autotransporte,Instructor,19
Marcos Abraham Silverio,marcos@gmail.com,ABCD123456EFGHIJ109,Autotransporte,Instructor,20
Marcos Abraham Silverio,marcos@gmail.com,ABCD123456EFGHIJ110,Autotransporte,Instructor,21
Marcos Abraham Silverio,marcos@gmail.com,ABCD123456EFGHIJ111,Autotransporte,Instructor,22
Marcos Abraham Silverio,marcos@gmail.com,ABCD123456EFGHIJ112,Autotransporte,Instructor,23
Marcos Abraham Silverio,marcos@gmail.com,ABCD123456EFGHIJ113,Autotransporte,Instructor,24
Marcos Abraham Silverio,marcos@gmail.com,ABCD123456EFGHIJ114,Autotransporte,Instructor,25
Marcos Abraham Silverio,marcos@gmail.com,ABCD123456EFGHIJ115,Autotransporte,Instructor,26
Marcos Abraham Silverio,marcos@gmail.com,ABCD123456EFGHIJ116,Autotransporte,Instructor,27
Marcos Abraham Silverio,marcos@gmail.com,ABCD123456EFGHIJ117,Autotransporte,Instructor,28
Marcos Abraham Silverio,marcos@gmail.com,ABCD123456EFGHIJ118,Autotransporte,Instructor,29
Marcos Abraham Silverio,marcos@gmail.com,ABCD123456EFGHIJ119,Autotransporte,Instructor,30
Marcos Abraham Silverio,marcos@gmail.com,ABCD123456EFGHIJ120,Autotransporte,Instructor,31
Marcos Abraham Silverio,marcos@gmail.com,ABCD123456EFGHIJ121,Autotransporte,Instructor,32
Marcos Abraham Silverio,marcos@gmail.com,ABCD123456EFGHIJ122,Autotransporte,Instructor,33
Marcos Abraham Silverio,marcos@gmail.com,ABCD123456EFGHIJ123,Autotransporte,Instructor,34
Marcos Abraham Silverio,marcos@gmail.com,ABCD123456EFGHIJ124,Autotransporte,Instructor,35
Marcos Abraham Silverio,marcos@gmail.com,ABCD123456EFGHIJ125,Autotransporte,Instructor,36
Marcos Abraham Silverio,marcos@gmail.com,ABCD123456EFGHIJ126,Autotransporte,Instructor,37
Marcos Abraham Silverio,marcos@gmail.com,ABCD123456EFGHIJ127,Autotransporte,Instructor,38
Marcos Abraham Silverio,marcos@gmail.com,ABCD123456EFGHIJ128,Autotransporte,Instructor,39
Marcos Abraham Silverio,marcos@gmail.com,ABCD123456EFGHIJ129,Autotransporte,Instructor,40
Marcos Abraham Silverio,marcos@gmail.com,ABCD123456EFGHIJ130,Autotransporte,Instructor,41
Marcos Abraham Silverio,marcos@gmail.com,ABCD123456EFGHIJ131,Autotransporte,Instructor,42
Marcos Abraham Silverio,marcos@gmail.com,ABCD123456EFGHIJ132,Autotransporte,Instructor,43
Marcos Abraham Silverio,marcos@gmail.com,ABCD123456EFGHIJ133,Autotransporte,Instructor,44
Marcos Abraham Silverio,marcos@gmail.com,ABCD123456EFGHIJ134,Autotransporte,Instructor,45
Marcos Abraham Silverio,marcos@gmail.com,ABCD123456EFGHIJ135,Autotransporte,Instructor,46
Marcos Abraham Silverio,marcos@gmail.com,ABCD123456EFGHIJ136,Autotransporte,Instructor,47
Marcos Abraham Silverio,marcos@gmail.com,ABCD123456EFGHIJ137,Autotransporte,Instructor,48
Marcos Abraham Silverio,marcos@gmail.com,ABCD123456EFGHIJ138,Autotransporte,Instructor,49
Marcos Abraham Silverio,marcos@gmail.com,ABCD123456EFGHIJ139,Autotransporte,Instructor,50
Marcos Abraham Silverio,marcos@gmail.com,ABCD123456EFGHIJ140,Autotransporte,Instructor,51
Marcos Abraham Silverio,marcos@gmail.com,ABCD123456EFGHIJ141,Autotransporte,Instructor,52
Marcos Abraham Silverio,marcos@gmail.com,ABCD123456EFGHIJ142,Autotransporte,Instructor,53
